[{"model": "admin.logentry", "pk": 1, "fields": {"action_time": "2022-02-19T06:29:00.413Z", "user": 1, "content_type": 8, "object_id": "1", "object_repr": "Child Marriage", "action_flag": 1, "change_message": "[{\"added\": {}}]"}}, {"model": "admin.logentry", "pk": 2, "fields": {"action_time": "2022-02-19T06:29:19.650Z", "user": 1, "content_type": 8, "object_id": "2", "object_repr": "Child labour", "action_flag": 1, "change_message": "[{\"added\": {}}]"}}, {"model": "admin.logentry", "pk": 3, "fields": {"action_time": "2022-02-19T06:29:48.331Z", "user": 1, "content_type": 8, "object_id": "3", "object_repr": "Saranabalyam", "action_flag": 1, "change_message": "[{\"added\": {}}]"}}, {"model": "admin.logentry", "pk": 4, "fields": {"action_time": "2022-02-19T06:30:17.968Z", "user": 1, "content_type": 8, "object_id": "4", "object_repr": "Violence against Children", "action_flag": 1, "change_message": "[{\"added\": {}}]"}}, {"model": "admin.logentry", "pk": 5, "fields": {"action_time": "2022-02-19T06:30:43.552Z", "user": 1, "content_type": 9, "object_id": "1", "object_repr": "Child Marriage", "action_flag": 1, "change_message": "[{\"added\": {}}]"}}, {"model": "admin.logentry", "pk": 6, "fields": {"action_time": "2022-02-19T06:30:52.961Z", "user": 1, "content_type": 9, "object_id": "2", "object_repr": "Child labour", "action_flag": 1, "change_message": "[{\"added\": {}}]"}}, {"model": "admin.logentry", "pk": 7, "fields": {"action_time": "2022-02-19T06:31:17.617Z", "user": 1, "content_type": 9, "object_id": "3", "object_repr": "Child labour", "action_flag": 1, "change_message": "[{\"added\": {}}]"}}, {"model": "admin.logentry", "pk": 8, "fields": {"action_time": "2022-02-19T06:31:42.733Z", "user": 1, "content_type": 9, "object_id": "4", "object_repr": "Child begging", "action_flag": 1, "change_message": "[{\"added\": {}}]"}}, {"model": "admin.logentry", "pk": 9, "fields": {"action_time": "2022-02-19T06:32:09.232Z", "user": 1, "content_type": 9, "object_id": "5", "object_repr": "Street children", "action_flag": 1, "change_message": "[{\"added\": {}}]"}}, {"model": "admin.logentry", "pk": 10, "fields": {"action_time": "2022-02-19T06:32:43.471Z", "user": 1, "content_type": 9, "object_id": "6", "object_repr": "Abandoned children", "action_flag": 1, "change_message": "[{\"added\": {}}]"}}, {"model": "admin.logentry", "pk": 11, "fields": {"action_time": "2022-02-19T06:33:16.060Z", "user": 1, "content_type": 9, "object_id": "7", "object_repr": "Child trafficking", "action_flag": 1, "change_message": "[{\"added\": {}}]"}}, {"model": "admin.logentry", "pk": 12, "fields": {"action_time": "2022-02-19T06:33:41.711Z", "user": 1, "content_type": 9, "object_id": "8", "object_repr": "Child Marriage", "action_flag": 1, "change_message": "[{\"added\": {}}]"}}, {"model": "admin.logentry", "pk": 13, "fields": {"action_time": "2022-02-19T06:34:11.351Z", "user": 1, "content_type": 9, "object_id": "9", "object_repr": "Pocso", "action_flag": 1, "change_message": "[{\"added\": {}}]"}}, {"model": "admin.logentry", "pk": 14, "fields": {"action_time": "2022-02-19T06:35:57.504Z", "user": 1, "content_type": 9, "object_id": "10", "object_repr": "Physical, emotional, neglect", "action_flag": 1, "change_message": "[{\"added\": {}}]"}}, {"model": "admin.logentry", "pk": 15, "fields": {"action_time": "2022-02-19T06:40:05.570Z", "user": 1, "content_type": 9, "object_id": "11", "object_repr": "Total Murder (Infanticide and Other)", "action_flag": 1, "change_message": "[{\"added\": {}}]"}}, {"model": "admin.logentry", "pk": 16, "fields": {"action_time": "2022-02-19T06:40:36.997Z", "user": 1, "content_type": 9, "object_id": "12", "object_repr": "Section 4 & 6 of PoCSO Act r/w Sec. 376 IPC", "action_flag": 1, "change_message": "[{\"added\": {}}]"}}, {"model": "admin.logentry", "pk": 17, "fields": {"action_time": "2022-02-19T06:41:03.421Z", "user": 1, "content_type": 9, "object_id": "13", "object_repr": "Kidnapping and Abduction", "action_flag": 1, "change_message": "[{\"added\": {}}]"}}, {"model": "admin.logentry", "pk": 18, "fields": {"action_time": "2022-02-19T06:41:41.339Z", "user": 1, "content_type": 9, "object_id": "14", "object_repr": "Foeticide", "action_flag": 1, "change_message": "[{\"added\": {}}]"}}, {"model": "admin.logentry", "pk": 19, "fields": {"action_time": "2022-02-19T06:42:00.794Z", "user": 1, "content_type": 9, "object_id": "15", "object_repr": "Abetment of Suicide", "action_flag": 1, "change_message": "[{\"added\": {}}]"}}, {"model": "admin.logentry", "pk": 20, "fields": {"action_time": "2022-02-19T06:42:25.970Z", "user": 1, "content_type": 9, "object_id": "16", "object_repr": "Exposure and Abandonment", "action_flag": 1, "change_message": "[{\"added\": {}}]"}}, {"model": "admin.logentry", "pk": 21, "fields": {"action_time": "2022-02-19T06:42:49.851Z", "user": 1, "content_type": 9, "object_id": "17", "object_repr": "Procuration of Minor Girls", "action_flag": 1, "change_message": "[{\"added\": {}}]"}}, {"model": "admin.logentry", "pk": 22, "fields": {"action_time": "2022-02-19T06:43:12.431Z", "user": 1, "content_type": 9, "object_id": "18", "object_repr": "Buying Girls for Prostitution", "action_flag": 1, "change_message": "[{\"added\": {}}]"}}, {"model": "admin.logentry", "pk": 23, "fields": {"action_time": "2022-02-19T06:44:49.975Z", "user": 1, "content_type": 8, "object_id": "5", "object_repr": "State Sponsorship", "action_flag": 1, "change_message": "[{\"added\": {}}]"}}, {"model": "admin.logentry", "pk": 24, "fields": {"action_time": "2022-02-19T06:44:52.832Z", "user": 1, "content_type": 9, "object_id": "19", "object_repr": "State Sponsorship", "action_flag": 1, "change_message": "[{\"added\": {}}]"}}, {"model": "admin.logentry", "pk": 25, "fields": {"action_time": "2022-02-19T06:45:38.049Z", "user": 1, "content_type": 8, "object_id": "6", "object_repr": "Central Sponsorship", "action_flag": 1, "change_message": "[{\"added\": {}}]"}}, {"model": "admin.logentry", "pk": 26, "fields": {"action_time": "2022-02-19T06:45:41.794Z", "user": 1, "content_type": 9, "object_id": "20", "object_repr": "Central Sponsorship", "action_flag": 1, "change_message": "[{\"added\": {}}]"}}, {"model": "admin.logentry", "pk": 27, "fields": {"action_time": "2022-02-19T06:46:23.816Z", "user": 1, "content_type": 8, "object_id": "7", "object_repr": "After Care Services", "action_flag": 1, "change_message": "[{\"added\": {}}]"}}, {"model": "admin.logentry", "pk": 28, "fields": {"action_time": "2022-02-19T06:46:26.916Z", "user": 1, "content_type": 9, "object_id": "21", "object_repr": "After Care Services", "action_flag": 1, "change_message": "[{\"added\": {}}]"}}, {"model": "admin.logentry", "pk": 29, "fields": {"action_time": "2022-02-19T06:47:10.931Z", "user": 1, "content_type": 8, "object_id": "8", "object_repr": "Aftercare offered to children in CCIs (age 18-21)", "action_flag": 1, "change_message": "[{\"added\": {}}]"}}, {"model": "admin.logentry", "pk": 30, "fields": {"action_time": "2022-02-19T06:47:13.240Z", "user": 1, "content_type": 9, "object_id": "22", "object_repr": "Aftercare offered to children in CCIs (age 18-21)", "action_flag": 1, "change_message": "[{\"added\": {}}]"}}, {"model": "admin.logentry", "pk": 31, "fields": {"action_time": "2022-02-19T06:47:50.338Z", "user": 1, "content_type": 8, "object_id": "9", "object_repr": "Crimes Committed", "action_flag": 1, "change_message": "[{\"added\": {}}]"}}, {"model": "admin.logentry", "pk": 32, "fields": {"action_time": "2022-02-19T06:47:52.565Z", "user": 1, "content_type": 9, "object_id": "23", "object_repr": "Crimes Committed", "action_flag": 1, "change_message": "[{\"added\": {}}]"}}, {"model": "admin.logentry", "pk": 33, "fields": {"action_time": "2022-02-19T06:48:27.075Z", "user": 1, "content_type": 8, "object_id": "10", "object_repr": "Juvenile Justice", "action_flag": 1, "change_message": "[{\"added\": {}}]"}}, {"model": "admin.logentry", "pk": 34, "fields": {"action_time": "2022-02-19T06:48:31.441Z", "user": 1, "content_type": 9, "object_id": "24", "object_repr": "Juvenile Justice", "action_flag": 1, "change_message": "[{\"added\": {}}]"}}, {"model": "admin.logentry", "pk": 35, "fields": {"action_time": "2022-02-19T06:48:56.530Z", "user": 1, "content_type": 8, "object_id": "11", "object_repr": "JJA", "action_flag": 1, "change_message": "[{\"added\": {}}]"}}, {"model": "admin.logentry", "pk": 36, "fields": {"action_time": "2022-02-19T06:48:58.162Z", "user": 1, "content_type": 9, "object_id": "25", "object_repr": "JJA", "action_flag": 1, "change_message": "[{\"added\": {}}]"}}, {"model": "admin.logentry", "pk": 37, "fields": {"action_time": "2022-02-19T06:53:16.600Z", "user": 1, "content_type": 8, "object_id": "12", "object_repr": "POCSO", "action_flag": 1, "change_message": "[{\"added\": {}}]"}}, {"model": "admin.logentry", "pk": 38, "fields": {"action_time": "2022-02-19T06:53:20.995Z", "user": 1, "content_type": 9, "object_id": "26", "object_repr": "POCSO", "action_flag": 1, "change_message": "[{\"added\": {}}]"}}, {"model": "admin.logentry", "pk": 39, "fields": {"action_time": "2022-02-19T06:53:54.026Z", "user": 1, "content_type": 8, "object_id": "13", "object_repr": "De-institutionalised children", "action_flag": 1, "change_message": "[{\"added\": {}}]"}}, {"model": "admin.logentry", "pk": 40, "fields": {"action_time": "2022-02-19T06:53:57.204Z", "user": 1, "content_type": 9, "object_id": "27", "object_repr": "De-institutionalised children", "action_flag": 1, "change_message": "[{\"added\": {}}]"}}, {"model": "admin.logentry", "pk": 41, "fields": {"action_time": "2022-02-19T06:54:32.708Z", "user": 1, "content_type": 8, "object_id": "14", "object_repr": "Juvenile Justice Boards", "action_flag": 1, "change_message": "[{\"added\": {}}]"}}, {"model": "admin.logentry", "pk": 42, "fields": {"action_time": "2022-02-19T06:54:34.847Z", "user": 1, "content_type": 9, "object_id": "28", "object_repr": "Juvenile Justice Boards", "action_flag": 1, "change_message": "[{\"added\": {}}]"}}, {"model": "admin.logentry", "pk": 43, "fields": {"action_time": "2022-02-19T06:55:15.613Z", "user": 1, "content_type": 8, "object_id": "15", "object_repr": "Institutional Care of Children in Conflict with Law", "action_flag": 1, "change_message": "[{\"added\": {}}]"}}, {"model": "admin.logentry", "pk": 44, "fields": {"action_time": "2022-02-19T06:55:20.136Z", "user": 1, "content_type": 9, "object_id": "29", "object_repr": "Institutional Care of Children in Conflict with Law", "action_flag": 1, "change_message": "[{\"added\": {}}]"}}, {"model": "admin.logentry", "pk": 45, "fields": {"action_time": "2022-02-19T06:55:51.925Z", "user": 1, "content_type": 8, "object_id": "16", "object_repr": "Child Welfare Committees", "action_flag": 1, "change_message": "[{\"added\": {}}]"}}, {"model": "admin.logentry", "pk": 46, "fields": {"action_time": "2022-02-19T06:55:54.140Z", "user": 1, "content_type": 9, "object_id": "30", "object_repr": "Child Welfare Committees", "action_flag": 1, "change_message": "[{\"added\": {}}]"}}, {"model": "admin.logentry", "pk": 47, "fields": {"action_time": "2022-02-19T06:56:23.589Z", "user": 1, "content_type": 8, "object_id": "17", "object_repr": "Institutional Care of Children in Need of Care and Protection", "action_flag": 1, "change_message": "[{\"added\": {}}]"}}, {"model": "admin.logentry", "pk": 48, "fields": {"action_time": "2022-02-19T06:56:28.827Z", "user": 1, "content_type": 9, "object_id": "31", "object_repr": "Institutional Care of Children in Need of Care and Protection", "action_flag": 1, "change_message": "[{\"added\": {}}]"}}, {"model": "admin.logentry", "pk": 49, "fields": {"action_time": "2022-02-19T06:57:01.755Z", "user": 1, "content_type": 8, "object_id": "18", "object_repr": "Adoption", "action_flag": 1, "change_message": "[{\"added\": {}}]"}}, {"model": "admin.logentry", "pk": 50, "fields": {"action_time": "2022-02-19T06:57:06.115Z", "user": 1, "content_type": 9, "object_id": "32", "object_repr": "Adoption", "action_flag": 1, "change_message": "[{\"added\": {}}]"}}, {"model": "admin.logentry", "pk": 51, "fields": {"action_time": "2022-02-19T06:57:39.030Z", "user": 1, "content_type": 8, "object_id": "19", "object_repr": "Protection of Children", "action_flag": 1, "change_message": "[{\"added\": {}}]"}}, {"model": "admin.logentry", "pk": 52, "fields": {"action_time": "2022-02-19T06:57:41.851Z", "user": 1, "content_type": 9, "object_id": "33", "object_repr": "Protection of Children", "action_flag": 1, "change_message": "[{\"added\": {}}]"}}, {"model": "admin.logentry", "pk": 53, "fields": {"action_time": "2022-02-19T06:58:12.296Z", "user": 1, "content_type": 8, "object_id": "20", "object_repr": "Foster care", "action_flag": 1, "change_message": "[{\"added\": {}}]"}}, {"model": "admin.logentry", "pk": 54, "fields": {"action_time": "2022-02-19T06:58:19.638Z", "user": 1, "content_type": 9, "object_id": "34", "object_repr": "Foster care", "action_flag": 1, "change_message": "[{\"added\": {}}]"}}, {"model": "admin.logentry", "pk": 55, "fields": {"action_time": "2022-02-19T06:58:49.607Z", "user": 1, "content_type": 8, "object_id": "21", "object_repr": "Repatriation", "action_flag": 1, "change_message": "[{\"added\": {}}]"}}, {"model": "admin.logentry", "pk": 56, "fields": {"action_time": "2022-02-19T06:59:41.580Z", "user": 1, "content_type": 9, "object_id": "35", "object_repr": "Repatriation", "action_flag": 1, "change_message": "[{\"added\": {}}]"}}, {"model": "admin.logentry", "pk": 57, "fields": {"action_time": "2022-02-19T06:59:54.801Z", "user": 1, "content_type": 8, "object_id": "22", "object_repr": "Details of resource persons/experts", "action_flag": 1, "change_message": "[{\"added\": {}}]"}}, {"model": "admin.logentry", "pk": 58, "fields": {"action_time": "2022-02-19T11:06:50.808Z", "user": 1, "content_type": 8, "object_id": "23", "object_repr": "Details of resource persons/experts", "action_flag": 1, "change_message": "[{\"added\": {}}]"}}, {"model": "admin.logentry", "pk": 59, "fields": {"action_time": "2022-02-19T11:06:53.198Z", "user": 1, "content_type": 9, "object_id": "36", "object_repr": "Details of resource persons/experts", "action_flag": 1, "change_message": "[{\"added\": {}}]"}}, {"model": "admin.logentry", "pk": 60, "fields": {"action_time": "2022-02-19T12:02:04.468Z", "user": 1, "content_type": 7, "object_id": "2", "object_repr": "malappuram", "action_flag": 1, "change_message": "[{\"added\": {}}]"}}, {"model": "admin.logentry", "pk": 61, "fields": {"action_time": "2022-02-19T12:02:23.060Z", "user": 1, "content_type": 7, "object_id": "2", "object_repr": "malappuram", "action_flag": 2, "change_message": "[{\"changed\": {\"fields\": [\"Is district user\"]}}]"}}, {"model": "auth.permission", "pk": 1, "fields": {"name": "Can add log entry", "content_type": 1, "codename": "add_logentry"}}, {"model": "auth.permission", "pk": 2, "fields": {"name": "Can change log entry", "content_type": 1, "codename": "change_logentry"}}, {"model": "auth.permission", "pk": 3, "fields": {"name": "Can delete log entry", "content_type": 1, "codename": "delete_logentry"}}, {"model": "auth.permission", "pk": 4, "fields": {"name": "Can view log entry", "content_type": 1, "codename": "view_logentry"}}, {"model": "auth.permission", "pk": 5, "fields": {"name": "Can add permission", "content_type": 2, "codename": "add_permission"}}, {"model": "auth.permission", "pk": 6, "fields": {"name": "Can change permission", "content_type": 2, "codename": "change_permission"}}, {"model": "auth.permission", "pk": 7, "fields": {"name": "Can delete permission", "content_type": 2, "codename": "delete_permission"}}, {"model": "auth.permission", "pk": 8, "fields": {"name": "Can view permission", "content_type": 2, "codename": "view_permission"}}, {"model": "auth.permission", "pk": 9, "fields": {"name": "Can add group", "content_type": 3, "codename": "add_group"}}, {"model": "auth.permission", "pk": 10, "fields": {"name": "Can change group", "content_type": 3, "codename": "change_group"}}, {"model": "auth.permission", "pk": 11, "fields": {"name": "Can delete group", "content_type": 3, "codename": "delete_group"}}, {"model": "auth.permission", "pk": 12, "fields": {"name": "Can view group", "content_type": 3, "codename": "view_group"}}, {"model": "auth.permission", "pk": 13, "fields": {"name": "Can add content type", "content_type": 4, "codename": "add_contenttype"}}, {"model": "auth.permission", "pk": 14, "fields": {"name": "Can change content type", "content_type": 4, "codename": "change_contenttype"}}, {"model": "auth.permission", "pk": 15, "fields": {"name": "Can delete content type", "content_type": 4, "codename": "delete_contenttype"}}, {"model": "auth.permission", "pk": 16, "fields": {"name": "Can view content type", "content_type": 4, "codename": "view_contenttype"}}, {"model": "auth.permission", "pk": 17, "fields": {"name": "Can add session", "content_type": 5, "codename": "add_session"}}, {"model": "auth.permission", "pk": 18, "fields": {"name": "Can change session", "content_type": 5, "codename": "change_session"}}, {"model": "auth.permission", "pk": 19, "fields": {"name": "Can delete session", "content_type": 5, "codename": "delete_session"}}, {"model": "auth.permission", "pk": 20, "fields": {"name": "Can view session", "content_type": 5, "codename": "view_session"}}, {"model": "auth.permission", "pk": 21, "fields": {"name": "Can add district user", "content_type": 6, "codename": "add_districtuser"}}, {"model": "auth.permission", "pk": 22, "fields": {"name": "Can change district user", "content_type": 6, "codename": "change_districtuser"}}, {"model": "auth.permission", "pk": 23, "fields": {"name": "Can delete district user", "content_type": 6, "codename": "delete_districtuser"}}, {"model": "auth.permission", "pk": 24, "fields": {"name": "Can view district user", "content_type": 6, "codename": "view_districtuser"}}, {"model": "auth.permission", "pk": 25, "fields": {"name": "Can add user", "content_type": 7, "codename": "add_user"}}, {"model": "auth.permission", "pk": 26, "fields": {"name": "Can change user", "content_type": 7, "codename": "change_user"}}, {"model": "auth.permission", "pk": 27, "fields": {"name": "Can delete user", "content_type": 7, "codename": "delete_user"}}, {"model": "auth.permission", "pk": 28, "fields": {"name": "Can view user", "content_type": 7, "codename": "view_user"}}, {"model": "auth.permission", "pk": 29, "fields": {"name": "Can add report category", "content_type": 8, "codename": "add_reportcategory"}}, {"model": "auth.permission", "pk": 30, "fields": {"name": "Can change report category", "content_type": 8, "codename": "change_reportcategory"}}, {"model": "auth.permission", "pk": 31, "fields": {"name": "Can delete report category", "content_type": 8, "codename": "delete_reportcategory"}}, {"model": "auth.permission", "pk": 32, "fields": {"name": "Can view report category", "content_type": 8, "codename": "view_reportcategory"}}, {"model": "auth.permission", "pk": 33, "fields": {"name": "Can add report type", "content_type": 9, "codename": "add_reporttype"}}, {"model": "auth.permission", "pk": 34, "fields": {"name": "Can change report type", "content_type": 9, "codename": "change_reporttype"}}, {"model": "auth.permission", "pk": 35, "fields": {"name": "Can delete report type", "content_type": 9, "codename": "delete_reporttype"}}, {"model": "auth.permission", "pk": 36, "fields": {"name": "Can view report type", "content_type": 9, "codename": "view_reporttype"}}, {"model": "auth.permission", "pk": 37, "fields": {"name": "Can add report", "content_type": 10, "codename": "add_report"}}, {"model": "auth.permission", "pk": 38, "fields": {"name": "Can change report", "content_type": 10, "codename": "change_report"}}, {"model": "auth.permission", "pk": 39, "fields": {"name": "Can delete report", "content_type": 10, "codename": "delete_report"}}, {"model": "auth.permission", "pk": 40, "fields": {"name": "Can view report", "content_type": 10, "codename": "view_report"}}, {"model": "auth.permission", "pk": 41, "fields": {"name": "Can add state sponsorship", "content_type": 11, "codename": "add_statesponsorship"}}, {"model": "auth.permission", "pk": 42, "fields": {"name": "Can change state sponsorship", "content_type": 11, "codename": "change_statesponsorship"}}, {"model": "auth.permission", "pk": 43, "fields": {"name": "Can delete state sponsorship", "content_type": 11, "codename": "delete_statesponsorship"}}, {"model": "auth.permission", "pk": 44, "fields": {"name": "Can view state sponsorship", "content_type": 11, "codename": "view_statesponsorship"}}, {"model": "auth.permission", "pk": 45, "fields": {"name": "Can add saranabalyam", "content_type": 12, "codename": "add_saranabalyam"}}, {"model": "auth.permission", "pk": 46, "fields": {"name": "Can change saranabalyam", "content_type": 12, "codename": "change_saranabalyam"}}, {"model": "auth.permission", "pk": 47, "fields": {"name": "Can delete saranabalyam", "content_type": 12, "codename": "delete_saranabalyam"}}, {"model": "auth.permission", "pk": 48, "fields": {"name": "Can view saranabalyam", "content_type": 12, "codename": "view_saranabalyam"}}, {"model": "auth.permission", "pk": 49, "fields": {"name": "Can add resource person", "content_type": 13, "codename": "add_resourceperson"}}, {"model": "auth.permission", "pk": 50, "fields": {"name": "Can change resource person", "content_type": 13, "codename": "change_resourceperson"}}, {"model": "auth.permission", "pk": 51, "fields": {"name": "Can delete resource person", "content_type": 13, "codename": "delete_resourceperson"}}, {"model": "auth.permission", "pk": 52, "fields": {"name": "Can view resource person", "content_type": 13, "codename": "view_resourceperson"}}, {"model": "auth.permission", "pk": 53, "fields": {"name": "Can add repatriation", "content_type": 14, "codename": "add_repatriation"}}, {"model": "auth.permission", "pk": 54, "fields": {"name": "Can change repatriation", "content_type": 14, "codename": "change_repatriation"}}, {"model": "auth.permission", "pk": 55, "fields": {"name": "Can delete repatriation", "content_type": 14, "codename": "delete_repatriation"}}, {"model": "auth.permission", "pk": 56, "fields": {"name": "Can view repatriation", "content_type": 14, "codename": "view_repatriation"}}, {"model": "auth.permission", "pk": 57, "fields": {"name": "Can add pocso", "content_type": 15, "codename": "add_pocso"}}, {"model": "auth.permission", "pk": 58, "fields": {"name": "Can change pocso", "content_type": 15, "codename": "change_pocso"}}, {"model": "auth.permission", "pk": 59, "fields": {"name": "Can delete pocso", "content_type": 15, "codename": "delete_pocso"}}, {"model": "auth.permission", "pk": 60, "fields": {"name": "Can view pocso", "content_type": 15, "codename": "view_pocso"}}, {"model": "auth.permission", "pk": 61, "fields": {"name": "Can add juvenile justice", "content_type": 16, "codename": "add_juvenilejustice"}}, {"model": "auth.permission", "pk": 62, "fields": {"name": "Can change juvenile justice", "content_type": 16, "codename": "change_juvenilejustice"}}, {"model": "auth.permission", "pk": 63, "fields": {"name": "Can delete juvenile justice", "content_type": 16, "codename": "delete_juvenilejustice"}}, {"model": "auth.permission", "pk": 64, "fields": {"name": "Can view juvenile justice", "content_type": 16, "codename": "view_juvenilejustice"}}, {"model": "auth.permission", "pk": 65, "fields": {"name": "Can add jjb", "content_type": 17, "codename": "add_jjb"}}, {"model": "auth.permission", "pk": 66, "fields": {"name": "Can change jjb", "content_type": 17, "codename": "change_jjb"}}, {"model": "auth.permission", "pk": 67, "fields": {"name": "Can delete jjb", "content_type": 17, "codename": "delete_jjb"}}, {"model": "auth.permission", "pk": 68, "fields": {"name": "Can view jjb", "content_type": 17, "codename": "view_jjb"}}, {"model": "auth.permission", "pk": 69, "fields": {"name": "Can add jja", "content_type": 18, "codename": "add_jja"}}, {"model": "auth.permission", "pk": 70, "fields": {"name": "Can change jja", "content_type": 18, "codename": "change_jja"}}, {"model": "auth.permission", "pk": 71, "fields": {"name": "Can delete jja", "content_type": 18, "codename": "delete_jja"}}, {"model": "auth.permission", "pk": 72, "fields": {"name": "Can view jja", "content_type": 18, "codename": "view_jja"}}, {"model": "auth.permission", "pk": 73, "fields": {"name": "Can add institutional care protection", "content_type": 19, "codename": "add_institutionalcareprotection"}}, {"model": "auth.permission", "pk": 74, "fields": {"name": "Can change institutional care protection", "content_type": 19, "codename": "change_institutionalcareprotection"}}, {"model": "auth.permission", "pk": 75, "fields": {"name": "Can delete institutional care protection", "content_type": 19, "codename": "delete_institutionalcareprotection"}}, {"model": "auth.permission", "pk": 76, "fields": {"name": "Can view institutional care protection", "content_type": 19, "codename": "view_institutionalcareprotection"}}, {"model": "auth.permission", "pk": 77, "fields": {"name": "Can add institutional care", "content_type": 20, "codename": "add_institutionalcare"}}, {"model": "auth.permission", "pk": 78, "fields": {"name": "Can change institutional care", "content_type": 20, "codename": "change_institutionalcare"}}, {"model": "auth.permission", "pk": 79, "fields": {"name": "Can delete institutional care", "content_type": 20, "codename": "delete_institutionalcare"}}, {"model": "auth.permission", "pk": 80, "fields": {"name": "Can view institutional care", "content_type": 20, "codename": "view_institutionalcare"}}, {"model": "auth.permission", "pk": 81, "fields": {"name": "Can add foster care", "content_type": 21, "codename": "add_fostercare"}}, {"model": "auth.permission", "pk": 82, "fields": {"name": "Can change foster care", "content_type": 21, "codename": "change_fostercare"}}, {"model": "auth.permission", "pk": 83, "fields": {"name": "Can delete foster care", "content_type": 21, "codename": "delete_fostercare"}}, {"model": "auth.permission", "pk": 84, "fields": {"name": "Can view foster care", "content_type": 21, "codename": "view_fostercare"}}, {"model": "auth.permission", "pk": 85, "fields": {"name": "Can add de institutional", "content_type": 22, "codename": "add_deinstitutional"}}, {"model": "auth.permission", "pk": 86, "fields": {"name": "Can change de institutional", "content_type": 22, "codename": "change_deinstitutional"}}, {"model": "auth.permission", "pk": 87, "fields": {"name": "Can delete de institutional", "content_type": 22, "codename": "delete_deinstitutional"}}, {"model": "auth.permission", "pk": 88, "fields": {"name": "Can view de institutional", "content_type": 22, "codename": "view_deinstitutional"}}, {"model": "auth.permission", "pk": 89, "fields": {"name": "Can add cwc", "content_type": 23, "codename": "add_cwc"}}, {"model": "auth.permission", "pk": 90, "fields": {"name": "Can change cwc", "content_type": 23, "codename": "change_cwc"}}, {"model": "auth.permission", "pk": 91, "fields": {"name": "Can delete cwc", "content_type": 23, "codename": "delete_cwc"}}, {"model": "auth.permission", "pk": 92, "fields": {"name": "Can view cwc", "content_type": 23, "codename": "view_cwc"}}, {"model": "auth.permission", "pk": 93, "fields": {"name": "Can add crime committed children", "content_type": 24, "codename": "add_crimecommittedchildren"}}, {"model": "auth.permission", "pk": 94, "fields": {"name": "Can change crime committed children", "content_type": 24, "codename": "change_crimecommittedchildren"}}, {"model": "auth.permission", "pk": 95, "fields": {"name": "Can delete crime committed children", "content_type": 24, "codename": "delete_crimecommittedchildren"}}, {"model": "auth.permission", "pk": 96, "fields": {"name": "Can view crime committed children", "content_type": 24, "codename": "view_crimecommittedchildren"}}, {"model": "auth.permission", "pk": 97, "fields": {"name": "Can add children violence", "content_type": 25, "codename": "add_childrenviolence"}}, {"model": "auth.permission", "pk": 98, "fields": {"name": "Can change children violence", "content_type": 25, "codename": "change_childrenviolence"}}, {"model": "auth.permission", "pk": 99, "fields": {"name": "Can delete children violence", "content_type": 25, "codename": "delete_childrenviolence"}}, {"model": "auth.permission", "pk": 100, "fields": {"name": "Can view children violence", "content_type": 25, "codename": "view_childrenviolence"}}, {"model": "auth.permission", "pk": 101, "fields": {"name": "Can add child protection", "content_type": 26, "codename": "add_childprotection"}}, {"model": "auth.permission", "pk": 102, "fields": {"name": "Can change child protection", "content_type": 26, "codename": "change_childprotection"}}, {"model": "auth.permission", "pk": 103, "fields": {"name": "Can delete child protection", "content_type": 26, "codename": "delete_childprotection"}}, {"model": "auth.permission", "pk": 104, "fields": {"name": "Can view child protection", "content_type": 26, "codename": "view_childprotection"}}, {"model": "auth.permission", "pk": 105, "fields": {"name": "Can add child marriage", "content_type": 27, "codename": "add_childmarriage"}}, {"model": "auth.permission", "pk": 106, "fields": {"name": "Can change child marriage", "content_type": 27, "codename": "change_childmarriage"}}, {"model": "auth.permission", "pk": 107, "fields": {"name": "Can delete child marriage", "content_type": 27, "codename": "delete_childmarriage"}}, {"model": "auth.permission", "pk": 108, "fields": {"name": "Can view child marriage", "content_type": 27, "codename": "view_childmarriage"}}, {"model": "auth.permission", "pk": 109, "fields": {"name": "Can add child labour", "content_type": 28, "codename": "add_childlabour"}}, {"model": "auth.permission", "pk": 110, "fields": {"name": "Can change child labour", "content_type": 28, "codename": "change_childlabour"}}, {"model": "auth.permission", "pk": 111, "fields": {"name": "Can delete child labour", "content_type": 28, "codename": "delete_childlabour"}}, {"model": "auth.permission", "pk": 112, "fields": {"name": "Can view child labour", "content_type": 28, "codename": "view_childlabour"}}, {"model": "auth.permission", "pk": 113, "fields": {"name": "Can add central sponsorship", "content_type": 29, "codename": "add_centralsponsorship"}}, {"model": "auth.permission", "pk": 114, "fields": {"name": "Can change central sponsorship", "content_type": 29, "codename": "change_centralsponsorship"}}, {"model": "auth.permission", "pk": 115, "fields": {"name": "Can delete central sponsorship", "content_type": 29, "codename": "delete_centralsponsorship"}}, {"model": "auth.permission", "pk": 116, "fields": {"name": "Can view central sponsorship", "content_type": 29, "codename": "view_centralsponsorship"}}, {"model": "auth.permission", "pk": 117, "fields": {"name": "Can add after care service", "content_type": 30, "codename": "add_aftercareservice"}}, {"model": "auth.permission", "pk": 118, "fields": {"name": "Can change after care service", "content_type": 30, "codename": "change_aftercareservice"}}, {"model": "auth.permission", "pk": 119, "fields": {"name": "Can delete after care service", "content_type": 30, "codename": "delete_aftercareservice"}}, {"model": "auth.permission", "pk": 120, "fields": {"name": "Can view after care service", "content_type": 30, "codename": "view_aftercareservice"}}, {"model": "auth.permission", "pk": 121, "fields": {"name": "Can add after care children cci", "content_type": 31, "codename": "add_aftercarechildrencci"}}, {"model": "auth.permission", "pk": 122, "fields": {"name": "Can change after care children cci", "content_type": 31, "codename": "change_aftercarechildrencci"}}, {"model": "auth.permission", "pk": 123, "fields": {"name": "Can delete after care children cci", "content_type": 31, "codename": "delete_aftercarechildrencci"}}, {"model": "auth.permission", "pk": 124, "fields": {"name": "Can view after care children cci", "content_type": 31, "codename": "view_aftercarechildrencci"}}, {"model": "auth.permission", "pk": 125, "fields": {"name": "Can add adoption", "content_type": 32, "codename": "add_adoption"}}, {"model": "auth.permission", "pk": 126, "fields": {"name": "Can change adoption", "content_type": 32, "codename": "change_adoption"}}, {"model": "auth.permission", "pk": 127, "fields": {"name": "Can delete adoption", "content_type": 32, "codename": "delete_adoption"}}, {"model": "auth.permission", "pk": 128, "fields": {"name": "Can view adoption", "content_type": 32, "codename": "view_adoption"}}, {"model": "contenttypes.contenttype", "pk": 1, "fields": {"app_label": "admin", "model": "logentry"}}, {"model": "contenttypes.contenttype", "pk": 2, "fields": {"app_label": "auth", "model": "permission"}}, {"model": "contenttypes.contenttype", "pk": 3, "fields": {"app_label": "auth", "model": "group"}}, {"model": "contenttypes.contenttype", "pk": 4, "fields": {"app_label": "contenttypes", "model": "contenttype"}}, {"model": "contenttypes.contenttype", "pk": 5, "fields": {"app_label": "sessions", "model": "session"}}, {"model": "contenttypes.contenttype", "pk": 6, "fields": {"app_label": "accounts", "model": "districtuser"}}, {"model": "contenttypes.contenttype", "pk": 7, "fields": {"app_label": "accounts", "model": "user"}}, {"model": "contenttypes.contenttype", "pk": 8, "fields": {"app_label": "reports", "model": "reportcategory"}}, {"model": "contenttypes.contenttype", "pk": 9, "fields": {"app_label": "reports", "model": "reporttype"}}, {"model": "contenttypes.contenttype", "pk": 10, "fields": {"app_label": "reports", "model": "report"}}, {"model": "contenttypes.contenttype", "pk": 11, "fields": {"app_label": "reports", "model": "statesponsorship"}}, {"model": "contenttypes.contenttype", "pk": 12, "fields": {"app_label": "reports", "model": "saranabalyam"}}, {"model": "contenttypes.contenttype", "pk": 13, "fields": {"app_label": "reports", "model": "resourceperson"}}, {"model": "contenttypes.contenttype", "pk": 14, "fields": {"app_label": "reports", "model": "repatriation"}}, {"model": "contenttypes.contenttype", "pk": 15, "fields": {"app_label": "reports", "model": "pocso"}}, {"model": "contenttypes.contenttype", "pk": 16, "fields": {"app_label": "reports", "model": "juvenilejustice"}}, {"model": "contenttypes.contenttype", "pk": 17, "fields": {"app_label": "reports", "model": "jjb"}}, {"model": "contenttypes.contenttype", "pk": 18, "fields": {"app_label": "reports", "model": "jja"}}, {"model": "contenttypes.contenttype", "pk": 19, "fields": {"app_label": "reports", "model": "institutionalcareprotection"}}, {"model": "contenttypes.contenttype", "pk": 20, "fields": {"app_label": "reports", "model": "institutionalcare"}}, {"model": "contenttypes.contenttype", "pk": 21, "fields": {"app_label": "reports", "model": "fostercare"}}, {"model": "contenttypes.contenttype", "pk": 22, "fields": {"app_label": "reports", "model": "deinstitutional"}}, {"model": "contenttypes.contenttype", "pk": 23, "fields": {"app_label": "reports", "model": "cwc"}}, {"model": "contenttypes.contenttype", "pk": 24, "fields": {"app_label": "reports", "model": "crimecommittedchildren"}}, {"model": "contenttypes.contenttype", "pk": 25, "fields": {"app_label": "reports", "model": "childrenviolence"}}, {"model": "contenttypes.contenttype", "pk": 26, "fields": {"app_label": "reports", "model": "childprotection"}}, {"model": "contenttypes.contenttype", "pk": 27, "fields": {"app_label": "reports", "model": "childmarriage"}}, {"model": "contenttypes.contenttype", "pk": 28, "fields": {"app_label": "reports", "model": "childlabour"}}, {"model": "contenttypes.contenttype", "pk": 29, "fields": {"app_label": "reports", "model": "centralsponsorship"}}, {"model": "contenttypes.contenttype", "pk": 30, "fields": {"app_label": "reports", "model": "aftercareservice"}}, {"model": "contenttypes.contenttype", "pk": 31, "fields": {"app_label": "reports", "model": "aftercarechildrencci"}}, {"model": "contenttypes.contenttype", "pk": 32, "fields": {"app_label": "reports", "model": "adoption"}}, {"model": "sessions.session", "pk": "6nd7qf4f6e7q3kvrf6p128wnxlv0i539", "fields": {"session_data": ".eJxVjEEOgjAQRe_StWlo6TCjS_ecgZSZqaCmTSisjHdXEha6_e-9_zJD3NZp2KouwyzmYpw5_W5j5IfmHcg95luxXPK6zKPdFXvQavsi-rwe7t_BFOv0rVE4eWkdxJYCe1QW1lGJOhbkBhCowwYCBUxOhTsAl5I7e1FPQMG8P_gZN_A:1nLNZG:IAkHEt4ksvjR4Ff4RlWWuCrJW6fT4uNMw3fQSl6FGlk", "expire_date": "2022-03-05T11:06:22.566Z"}}, {"model": "sessions.session", "pk": "kcl3bwjn9a4unfjhyot1lqkz5krk770y", "fields": {"session_data": ".eJxVjEEOgjAQRe_StWlo6TCjS_ecgZSZqaCmTSisjHdXEha6_e-9_zJD3NZp2KouwyzmYpw5_W5j5IfmHcg95luxXPK6zKPdFXvQavsi-rwe7t_BFOv0rVE4eWkdxJYCe1QW1lGJOhbkBhCowwYCBUxOhTsAl5I7e1FPQMG8P_gZN_A:1nLH5r:7VTmGyQIb7ALoara31TnyuM0963vdl7jH2ht40QVGyk", "expire_date": "2022-03-05T04:11:35.095Z"}}, {"model": "accounts.user", "pk": 1, "fields": {"password": "pbkdf2_sha256$320000$CTLIVmNJgMbZdc5eiahYKw$BU7PF/u3yW8HyXOehJBeFYB2nqpMupAuNhnpFIHjzEw=", "last_login": "2022-02-19T11:06:22.557Z", "is_superuser": true, "username": "admin", "first_name": "", "last_name": "", "email": "murshidparambadan@gmail.com", "is_staff": true, "is_active": true, "date_joined": "2022-02-18T19:51:55.252Z", "is_district_user": false, "groups": [], "user_permissions": []}}, {"model": "accounts.user", "pk": 2, "fields": {"password": "pbkdf2_sha256$320000$KqRoazeB2QOSpihFRhcBxY$3gwFhE7AWiQTuOpVQtMeFRctzIDtY0rX9RggM8cOBII=", "last_login": null, "is_superuser": false, "username": "malappuram", "first_name": "", "last_name": "", "email": "", "is_staff": false, "is_active": true, "date_joined": "2022-02-19T12:02:03Z", "is_district_user": true, "groups": [], "user_permissions": []}}, {"model": "reports.reportcategory", "pk": 1, "fields": {"name": "Child Marriage", "category": "ML"}}, {"model": "reports.reportcategory", "pk": 2, "fields": {"name": "Child labour", "category": "ML"}}, {"model": "reports.reportcategory", "pk": 3, "fields": {"name": "Saranabalyam", "category": "ML"}}, {"model": "reports.reportcategory", "pk": 4, "fields": {"name": "Violence against Children", "category": "ML"}}, {"model": "reports.reportcategory", "pk": 5, "fields": {"name": "State Sponsorship", "category": "QL"}}, {"model": "reports.reportcategory", "pk": 6, "fields": {"name": "Central Sponsorship", "category": "QL"}}, {"model": "reports.reportcategory", "pk": 7, "fields": {"name": "After Care Services", "category": "QL"}}, {"model": "reports.reportcategory", "pk": 8, "fields": {"name": "Aftercare offered to children in CCIs (age 18-21)", "category": "QL"}}, {"model": "reports.reportcategory", "pk": 9, "fields": {"name": "Crimes Committed", "category": "QL"}}, {"model": "reports.reportcategory", "pk": 10, "fields": {"name": "Juvenile Justice", "category": "QL"}}, {"model": "reports.reportcategory", "pk": 11, "fields": {"name": "JJA", "category": "QL"}}, {"model": "reports.reportcategory", "pk": 12, "fields": {"name": "POCSO", "category": "QL"}}, {"model": "reports.reportcategory", "pk": 13, "fields": {"name": "De-institutionalised children", "category": "QL"}}, {"model": "reports.reportcategory", "pk": 14, "fields": {"name": "Juvenile Justice Boards", "category": "QL"}}, {"model": "reports.reportcategory", "pk": 15, "fields": {"name": "Institutional Care of Children in Conflict with Law", "category": "QL"}}, {"model": "reports.reportcategory", "pk": 16, "fields": {"name": "Child Welfare Committees", "category": "QL"}}, {"model": "reports.reportcategory", "pk": 17, "fields": {"name": "Institutional Care of Children in Need of Care and Protection", "category": "QL"}}, {"model": "reports.reportcategory", "pk": 18, "fields": {"name": "Adoption", "category": "QL"}}, {"model": "reports.reportcategory", "pk": 19, "fields": {"name": "Protection of Children", "category": "QL"}}, {"model": "reports.reportcategory", "pk": 20, "fields": {"name": "Foster care", "category": "QL"}}, {"model": "reports.reportcategory", "pk": 21, "fields": {"name": "Repatriation", "category": "QL"}}, {"model": "reports.reportcategory", "pk": 22, "fields": {"name": "Details of resource persons/experts", "category": "YL"}}, {"model": "reports.reportcategory", "pk": 23, "fields": {"name": "Details of resource persons/experts", "category": "YL"}}, {"model": "reports.reporttype", "pk": 1, "fields": {"name": "Child Marriage", "report_category": 1}}, {"model": "reports.reporttype", "pk": 2, "fields": {"name": "Child labour", "report_category": 2}}, {"model": "reports.reporttype", "pk": 3, "fields": {"name": "Child labour", "report_category": 3}}, {"model": "reports.reporttype", "pk": 4, "fields": {"name": "Child begging", "report_category": 3}}, {"model": "reports.reporttype", "pk": 5, "fields": {"name": "Street children", "report_category": 3}}, {"model": "reports.reporttype", "pk": 6, "fields": {"name": "Abandoned children", "report_category": 3}}, {"model": "reports.reporttype", "pk": 7, "fields": {"name": "Child trafficking", "report_category": 3}}, {"model": "reports.reporttype", "pk": 8, "fields": {"name": "Child Marriage", "report_category": 3}}, {"model": "reports.reporttype", "pk": 9, "fields": {"name": "Pocso", "report_category": 3}}, {"model": "reports.reporttype", "pk": 10, "fields": {"name": "Physical, emotional, neglect", "report_category": 3}}, {"model": "reports.reporttype", "pk": 11, "fields": {"name": "Total Murder (Infanticide and Other)", "report_category": 4}}, {"model": "reports.reporttype", "pk": 12, "fields": {"name": "Section 4 & 6 of PoCSO Act r/w Sec. 376 IPC", "report_category": 4}}, {"model": "reports.reporttype", "pk": 13, "fields": {"name": "Kidnapping and Abduction", "report_category": 4}}, {"model": "reports.reporttype", "pk": 14, "fields": {"name": "Foeticide", "report_category": 4}}, {"model": "reports.reporttype", "pk": 15, "fields": {"name": "Abetment of Suicide", "report_category": 4}}, {"model": "reports.reporttype", "pk": 16, "fields": {"name": "Exposure and Abandonment", "report_category": 4}}, {"model": "reports.reporttype", "pk": 17, "fields": {"name": "Procuration of Minor Girls", "report_category": 4}}, {"model": "reports.reporttype", "pk": 18, "fields": {"name": "Buying Girls for Prostitution", "report_category": 4}}, {"model": "reports.reporttype", "pk": 19, "fields": {"name": "State Sponsorship", "report_category": 5}}, {"model": "reports.reporttype", "pk": 20, "fields": {"name": "Central Sponsorship", "report_category": 6}}, {"model": "reports.reporttype", "pk": 21, "fields": {"name": "After Care Services", "report_category": 7}}, {"model": "reports.reporttype", "pk": 22, "fields": {"name": "Aftercare offered to children in CCIs (age 18-21)", "report_category": 8}}, {"model": "reports.reporttype", "pk": 23, "fields": {"name": "Crimes Committed", "report_category": 9}}, {"model": "reports.reporttype", "pk": 24, "fields": {"name": "Juvenile Justice", "report_category": 10}}, {"model": "reports.reporttype", "pk": 25, "fields": {"name": "JJA", "report_category": 11}}, {"model": "reports.reporttype", "pk": 26, "fields": {"name": "POCSO", "report_category": 12}}, {"model": "reports.reporttype", "pk": 27, "fields": {"name": "De-institutionalised children", "report_category": 13}}, {"model": "reports.reporttype", "pk": 28, "fields": {"name": "Juvenile Justice Boards", "report_category": 14}}, {"model": "reports.reporttype", "pk": 29, "fields": {"name": "Institutional Care of Children in Conflict with Law", "report_category": 15}}, {"model": "reports.reporttype", "pk": 30, "fields": {"name": "Child Welfare Committees", "report_category": 16}}, {"model": "reports.reporttype", "pk": 31, "fields": {"name": "Institutional Care of Children in Need of Care and Protection", "report_category": 17}}, {"model": "reports.reporttype", "pk": 32, "fields": {"name": "Adoption", "report_category": 18}}, {"model": "reports.reporttype", "pk": 33, "fields": {"name": "Protection of Children", "report_category": 19}}, {"model": "reports.reporttype", "pk": 34, "fields": {"name": "Foster care", "report_category": 20}}, {"model": "reports.reporttype", "pk": 35, "fields": {"name": "Repatriation", "report_category": 21}}, {"model": "reports.reporttype", "pk": 36, "fields": {"name": "Details of resource persons/experts", "report_category": 23}}, {"model": "reports.report", "pk": 1, "fields": {"user": 1, "report_type": 1, "response": {"a": 1, "b": 2}, "created_at": "2022-02-19T17:28:12.350Z", "updated_at": "2022-02-19T11:58:12.414Z"}}, {"model": "reports.report", "pk": 2, "fields": {"user": 2, "report_type": 1, "response": {"a": 1, "b": 2}, "created_at": "2022-02-19T17:34:13.944Z", "updated_at": "2022-02-19T12:04:13.946Z"}}, {"model": "reports.report", "pk": 3, "fields": {"user": 2, "report_type": 1, "response": {"a": 1, "b": 2}, "created_at": "2022-02-19T17:36:07.599Z", "updated_at": "2022-02-19T12:06:07.615Z"}}, {"model": "reports.report", "pk": 4, "fields": {"user": 2, "report_type": 1, "response": {"a": 1, "b": 2}, "created_at": "2022-02-19T12:07:33.556Z", "updated_at": "2022-02-19T12:07:33.627Z"}}, {"model": "reports.report", "pk": 5, "fields": {"user": 2, "report_type": 1, "response": {"a": 1, "b": 2}, "created_at": "2022-02-19T12:09:54.673Z", "updated_at": "2022-02-19T12:09:54.674Z"}}, {"model": "reports.report", "pk": 6, "fields": {"user": 2, "report_type": 1, "response": {"Number of male": 20, "Number of female": 35, "Number of complaints received": 100, "Number of enquiries conducted": 150, "Number of punishment order made": 10, "Number of residence orders made": 5, "Number of child marriages happened": 10, "Number of maintenance order issued": 25, "Number of injunction order received": 30, "Number of violations made by parties": 40, "Number of awareness programs conducted": 10, "Number of report submitted to the court": 25, "Number of child marriage successfully prevented": 5, "Number of review meetings of assistance conducted": 20}, "created_at": "2022-02-19T14:43:24.087Z", "updated_at": "2022-02-19T14:43:24.088Z"}}, {"model": "reports.report", "pk": 7, "fields": {"user": 2, "report_type": 1, "response": {"Number of male": 25, "Number of female": 55, "Number of complaints received": 100, "Number of enquiries conducted": 150, "Number of punishment order made": 10, "Number of residence orders made": 5, "Number of child marriages happened": 15, "Number of maintenance order issued": 25, "Number of injunction order received": 30, "Number of violations made by parties": 40, "Number of awareness programs conducted": 10, "Number of report submitted to the court": 25, "Number of child marriage successfully prevented": 5, "Number of review meetings of assistance conducted": 20}, "created_at": "2022-02-19T14:50:56.473Z", "updated_at": "2022-02-19T14:50:56.475Z"}}, {"model": "reports.childlabour", "pk": 1, "fields": {"user": 2, "report_type": 1, "created_at": "2022-02-23T19:14:35.744Z", "updated_at": "2022-02-23T19:14:35.777Z", "children": 10, "children_5_7": 20, "children_8_11": 20, "children_12_15": 20, "children_16_18": 30, "male": 30, "female": 30, "transgender": 20, "hazardous_jobs": 20, "non_hazardous_jobs": 20, "children_in_school": 20, "school_dropouts": 20, "availing_child_refund": 20}}, {"model": "reports.childlabour", "pk": 2, "fields": {"user": 2, "report_type": 2, "created_at": "2022-02-23T19:36:26.346Z", "updated_at": "2022-02-23T19:36:26.363Z", "children": 10, "children_5_7": 20, "children_8_11": 20, "children_12_15": 20, "children_16_18": 30, "male": 30, "female": 30, "transgender": 20, "hazardous_jobs": 20, "non_hazardous_jobs": 20, "children_in_school": 20, "school_dropouts": 20, "availing_child_refund": 20}}, {"model": "reports.childmarriage", "pk": 1, "fields": {"user": 2, "report_type": 1, "created_at": "2022-02-23T19:36:52.645Z", "updated_at": "2022-02-23T19:36:52.652Z", "male": 0, "female": 0, "child_marriage": 0, "complaints_recieved": 0, "enquiries_conducted": 0, "report_submitted_to_court": 0, "injuction_order_recieved": 0, "violation_made_by_parties": 0, "maintanance_order_issued": 0, "punishment_order_made": 0, "child_marriage_prevented": 0, "residence_order_made": 0, "awarness_program_conductted": 0, "review_meeting_of_assistance_conductted": 0}}, {"model": "reports.saranabalyam", "pk": 1, "fields": {"user": 2, "report_type": 3, "created_at": "2022-02-23T20:47:53.554Z", "updated_at": "2022-02-23T20:47:53.632Z", "rescued_by_sb_team": 0, "case_reported_in_dist": 0, "male_0_3": 0, "female_0_3": 0, "male_4_7": 0, "female_4_7": 0, "male_8_11": 0, "female_8_11": 0, "male_12_15": 0, "female_12_15": 0, "male_16_18": 0, "female_16_18": 0, "fir_male": 0, "fir_female": 0, "male_children_dna_need": 0, "female_children_dna_need": 0, "male_children_dna_conducted": 0, "female_children_dna_conducted": 0, "male_repatriation_need": 0, "female_repatriation_need": 0, "male_repatriated": 0, "female_repatriated": 0, "male_restored_to_family": 0, "female_restored_to_family": 0, "cci_male": 0, "cci_female": 0, "outside_state_male": 0, "outside_state_female": 0, "counselling_male": 0, "counselling_female": 0}}, {"model": "reports.saranabalyam", "pk": 2, "fields": {"user": 2, "report_type": 10, "created_at": "2022-02-23T20:49:01.745Z", "updated_at": "2022-02-23T20:49:01.754Z", "rescued_by_sb_team": 0, "case_reported_in_dist": 0, "male_0_3": 0, "female_0_3": 0, "male_4_7": 0, "female_4_7": 0, "male_8_11": 0, "female_8_11": 0, "male_12_15": 0, "female_12_15": 0, "male_16_18": 0, "female_16_18": 0, "fir_male": 0, "fir_female": 0, "male_children_dna_need": 0, "female_children_dna_need": 0, "male_children_dna_conducted": 0, "female_children_dna_conducted": 0, "male_repatriation_need": 0, "female_repatriation_need": 0, "male_repatriated": 0, "female_repatriated": 0, "male_restored_to_family": 0, "female_restored_to_family": 0, "cci_male": 0, "cci_female": 0, "outside_state_male": 0, "outside_state_female": 0, "counselling_male": 0, "counselling_female": 0}}, {"model": "reports.saranabalyam", "pk": 3, "fields": {"user": 2, "report_type": 3, "created_at": "2022-02-24T15:30:19.093Z", "updated_at": "2022-02-24T15:30:19.134Z", "rescued_by_sb_team": 0, "case_reported_in_dist": 0, "male_0_3": 0, "female_0_3": 0, "male_4_7": 0, "female_4_7": 0, "male_8_11": 0, "female_8_11": 0, "male_12_15": 0, "female_12_15": 0, "male_16_18": 0, "female_16_18": 0, "fir_male": 0, "fir_female": 0, "male_children_dna_need": 0, "female_children_dna_need": 0, "male_children_dna_conducted": 0, "female_children_dna_conducted": 0, "male_repatriation_need": 0, "female_repatriation_need": 0, "male_repatriated": 0, "female_repatriated": 0, "male_restored_to_family": 0, "female_restored_to_family": 0, "cci_male": 0, "cci_female": 0, "outside_state_male": 0, "outside_state_female": 0, "counselling_male": 0, "counselling_female": 0}}, {"model": "reports.statesponsorship", "pk": 1, "fields": {"user": 2, "report_type": 19, "created_at": "2022-02-24T15:50:31.910Z", "updated_at": "2022-02-24T15:50:31.983Z", "children_availing_sponsership_cumulative": 0, "children_availing_sponsership_quarterly": 0, "children_scolership_exempted": 0, "children_scolership_added": 0}}, {"model": "reports.centralsponsorship", "pk": 1, "fields": {"user": 2, "report_type": 20, "created_at": "2022-02-24T16:14:24.128Z", "updated_at": "2022-02-24T16:14:24.142Z", "children_availing_sponsership_cumulative": 0, "children_availing_sponsership_quarterly": 0, "children_scolership_exempted": 0, "children_scolership_added": 0}}, {"model": "reports.aftercareservice", "pk": 1, "fields": {"user": 2, "report_type": 21, "created_at": "2022-02-24T16:25:58.418Z", "updated_at": "2022-02-24T16:25:58.432Z", "children_need_after_care_male_15_18_cumulative": 0, "children_need_after_care_female_15_18_cumulative": 0, "children_need_after_care_male_15_18_quarterly": 0, "children_need_after_care_female_15_18_quarterly": 0, "psychosocial_assessment_male_cumulative": 0, "psychosocial_assessment_female_cumulative": 0, "psychosocial_assessment_male_quarterly": 0, "psychosocial_assessment_female_quarterly": 0, "after_care_plan_created_male_cumulative": 0, "after_care_plan_created_female_cumulative": 0, "after_care_plan_created_male_quarterly": 0, "after_care_plan_created_female_quarterly": 0, "send_to_after_home_male_cumulative": 0, "send_to_after_home_female_cumulative": 0, "send_to_after_home_male_quarterly": 0, "send_to_after_home_female_quarterly": 0, "children_18_year_placed_for_employment_male_cumulative": 0, "children_18_year_placed_for_employment_female_cumulative": 0, "children_18_year_placed_for_employment_male_quarterly": 0, "children_18_year_placed_for_employment_female_quarterly": 0, "compleated_vocational_training_male_cumulative": 0, "compleated_vocational_training_female_cumulative": 0, "compleated_vocational_training_male_quarterly": 0, "compleated_vocational_training_female_quarterly": 0}}, {"model": "reports.aftercareservice", "pk": 2, "fields": {"user": 2, "report_type": 22, "created_at": "2022-02-24T16:37:52.560Z", "updated_at": "2022-02-24T16:37:52.579Z", "children_need_after_care_male_15_18_cumulative": 0, "children_need_after_care_female_15_18_cumulative": 0, "children_need_after_care_male_15_18_quarterly": 0, "children_need_after_care_female_15_18_quarterly": 0, "psychosocial_assessment_male_cumulative": 0, "psychosocial_assessment_female_cumulative": 0, "psychosocial_assessment_male_quarterly": 0, "psychosocial_assessment_female_quarterly": 0, "after_care_plan_created_male_cumulative": 0, "after_care_plan_created_female_cumulative": 0, "after_care_plan_created_male_quarterly": 0, "after_care_plan_created_female_quarterly": 0, "send_to_after_home_male_cumulative": 0, "send_to_after_home_female_cumulative": 0, "send_to_after_home_male_quarterly": 0, "send_to_after_home_female_quarterly": 0, "children_18_year_placed_for_employment_male_cumulative": 0, "children_18_year_placed_for_employment_female_cumulative": 0, "children_18_year_placed_for_employment_male_quarterly": 0, "children_18_year_placed_for_employment_female_quarterly": 0, "compleated_vocational_training_male_cumulative": 0, "compleated_vocational_training_female_cumulative": 0, "compleated_vocational_training_male_quarterly": 0, "compleated_vocational_training_female_quarterly": 0}}, {"model": "reports.crimecommittedchildren", "pk": 1, "fields": {"user": 2, "report_type": 23, "created_at": "2022-02-24T18:12:14.960Z", "updated_at": "2022-02-24T18:12:14.974Z", "total_cumulative": 0, "total_current_quarter": 0, "sbr_total_cumulative": 0, "sbr_total_current_quarter": 0, "sir_total_cumulative": 0, "sir_total_current_quarter": 0, "before_jjb_cumulative": 0, "before_jjb_current_quarter": 0, "reffered_to_kaval_cumulative": 0, "reffered_to_kaval_current_quarter": 0}}, {"model": "reports.juvenilejustice", "pk": 1, "fields": {"user": 2, "report_type": 24, "created_at": "2022-02-24T18:17:00.925Z", "updated_at": "2022-02-24T18:17:00.932Z", "state_child_protection_on_society_setup_u_s_106_jj_act_2015": 0, "district_child_protection_unit_u_s_106_jj_act_2015": 0, "sjpu_child_welfare_police_in_district_u_s_107_jj_act_2015": 0, "children_courts_u_s_25_cpcr_act_2005": 0, "reg_ccis_u_s_41_jj_act_2015_run_by_govt_18_a": 0, "reg_ccis_u_s_41_jj_act_2015_run_by_ngos_18_b": 0, "unreg_ccis_u_s_41_jj_act_2015_run_by_govt_18_c": 0, "unreg_ccis_u_s_41_jj_act_2015_run_by_ngos_18_d": 0}}, {"model": "reports.jja", "pk": 1, "fields": {"user": 2, "report_type": 25, "created_at": "2022-02-24T18:21:16.853Z", "updated_at": "2022-02-24T18:21:16.856Z", "total_cases_cumulative": 0, "total_cases_current_quarter": 0, "fir_registered_cumulative": 0, "fir_registered_current_quarter": 0, "produced_before_cwc_cumulative": 0, "produced_before_cwc_current_quarter": 0, "who_avail_service_support_person_cumulative": 0, "who_avail_service_support_person_current_quarter": 0, "expert_service_cumulative": 0, "expert_service_current_quarter": 0, "counselling_cumulative": 0, "counselling_current_quarter": 0, "free_legal_aid_cumulative": 0, "free_legal_aid_current_quarter": 0, "victim_compensation_cumulative": 0, "victim_compensation_current_quarter": 0, "institutional_support_cumulative": 0, "institutional_support_current_quarter": 0}}, {"model": "reports.pocso", "pk": 1, "fields": {"user": 2, "report_type": 26, "created_at": "2022-02-24T18:30:10.466Z", "updated_at": "2022-02-24T18:30:10.469Z", "total_cases_cumulative": 0, "total_cases_current_quarter": 0, "fir_registered_cumulative": 0, "fir_registered_current_quarter": 0, "produced_before_cwc_cumulative": 0, "produced_before_cwc_current_quarter": 0, "who_avail_service_support_person_cumulative": 0, "who_avail_service_support_person_current_quarter": 0, "expert_service_cumulative": 0, "expert_service_current_quarter": 0, "counselling_cumulative": 0, "counselling_current_quarter": 0, "free_legal_aid_cumulative": 0, "free_legal_aid_current_quarter": 0, "victim_compensation_cumulative": 0, "victim_compensation_current_quarter": 0, "institutional_support_cumulative": 0, "institutional_support_current_quarter": 0}}, {"model": "reports.pocso", "pk": 2, "fields": {"user": 2, "report_type": 26, "created_at": "2022-02-24T18:35:16.873Z", "updated_at": "2022-02-24T18:35:16.876Z", "total_cases_cumulative": 0, "total_cases_current_quarter": 0, "fir_registered_cumulative": 0, "fir_registered_current_quarter": 0, "produced_before_cwc_cumulative": 0, "produced_before_cwc_current_quarter": 0, "who_avail_service_support_person_cumulative": 0, "who_avail_service_support_person_current_quarter": 0, "expert_service_cumulative": 0, "expert_service_current_quarter": 0, "counselling_cumulative": 0, "counselling_current_quarter": 0, "free_legal_aid_cumulative": 0, "free_legal_aid_current_quarter": 0, "victim_compensation_cumulative": 0, "victim_compensation_current_quarter": 0, "institutional_support_cumulative": 0, "institutional_support_current_quarter": 0}}, {"model": "reports.pocso", "pk": 3, "fields": {"user": 2, "report_type": 26, "created_at": "2022-02-24T18:38:34.298Z", "updated_at": "2022-02-24T18:38:34.301Z", "total_cases_cumulative": 0, "total_cases_current_quarter": 0, "fir_registered_cumulative": 0, "fir_registered_current_quarter": 0, "produced_before_cwc_cumulative": 0, "produced_before_cwc_current_quarter": 0, "who_avail_service_support_person_cumulative": 0, "who_avail_service_support_person_current_quarter": 0, "expert_service_cumulative": 0, "expert_service_current_quarter": 0, "counselling_cumulative": 0, "counselling_current_quarter": 0, "free_legal_aid_cumulative": 0, "free_legal_aid_current_quarter": 0, "victim_compensation_cumulative": 0, "victim_compensation_current_quarter": 0, "institutional_support_cumulative": 0, "institutional_support_current_quarter": 0}}, {"model": "reports.deinstitutional", "pk": 1, "fields": {"user": 2, "report_type": 27, "created_at": "2022-02-24T18:37:17.429Z", "updated_at": "2022-02-24T18:37:17.432Z", "male_cumulative": 0, "female_cumulative": 0, "male_current_quarter": 0, "female_current_quarter": 0, "adoption_male_cumulative": 0, "adoption_female_cumulative": 0, "adoption_male_current_quarter": 0, "adoption_female_current_quarter": 0, "foster_care_male_cumulative": 0, "foster_care_female_cumulative": 0, "foster_care_male_current_quarter": 0, "foster_care_female_current_quarter": 0, "restoration_male_cumulative": 0, "restoration_female_cumulative": 0, "restoration_male_current_quarter": 0, "restoration_female_current_quarter": 0, "sponsership_male_cumulative": 0, "sponsership_female_cumulative": 0, "sponsership_male_current_quarter": 0, "sponsership_female_current_quarter": 0}}, {"model": "reports.deinstitutional", "pk": 2, "fields": {"user": 2, "report_type": 27, "created_at": "2022-02-24T18:41:03.839Z", "updated_at": "2022-02-24T18:41:03.842Z", "male_cumulative": 0, "female_cumulative": 0, "male_current_quarter": 0, "female_current_quarter": 0, "adoption_male_cumulative": 20, "adoption_female_cumulative": 0, "adoption_male_current_quarter": 0, "adoption_female_current_quarter": 0, "foster_care_male_cumulative": 0, "foster_care_female_cumulative": 0, "foster_care_male_current_quarter": 0, "foster_care_female_current_quarter": 0, "restoration_male_cumulative": 0, "restoration_female_cumulative": 0, "restoration_male_current_quarter": 0, "restoration_female_current_quarter": 0, "sponsership_male_cumulative": 0, "sponsership_female_cumulative": 0, "sponsership_male_current_quarter": 0, "sponsership_female_current_quarter": 0}}, {"model": "reports.jjb", "pk": 1, "fields": {"user": 2, "report_type": 28, "created_at": "2022-02-24T18:45:48.834Z", "updated_at": "2022-02-24T18:45:48.839Z", "jjb_in_district": 0, "balance_start_quarter": 0, "cases_instituted_during_quarter": 0, "cases_disposed_during_quarter": 0, "pending_at_end_of_quarter": 0, "pending_for_period_less_4_month_end_of_quarter": 0, "pending_for_period_more_4_month_less_6_month_end_of_quarter": 0, "pending_for_period_more_6_month_less_1_year_end_of_quarter": 0, "pending_for_period_more_1_year_end_of_quarter": 0, "sanctioned_staff_district": 0, "working_staff_district": 0, "vaccancies_in_district": 0, "effort_made": "ffffffff"}}, {"model": "reports.institutionalcare", "pk": 1, "fields": {"user": 2, "report_type": 29, "created_at": "2022-02-24T18:50:34.115Z", "updated_at": "2022-02-24T18:50:34.121Z", "observation_home_district_by_state": 0, "bservation_home_district_by_state_trough_ngo": 0, "children_in_observation_home_in_district": 0, "special_home_district_by_state": 0, "special_home_district_by_state_trough_ngo": 0, "special_in_observation_home_in_district": 0, "place_of_saftey_in_district": 0, "children_placed_in_place_of_saftey": 15}}, {"model": "reports.cwc", "pk": 1, "fields": {"user": 2, "report_type": 30, "created_at": "2022-02-24T18:53:08.939Z", "updated_at": "2022-02-24T18:53:08.943Z", "cwc_in_district": 0, "no_cwc_in_district": 10}}, {"model": "reports.institutionalcareprotection", "pk": 1, "fields": {"user": 2, "report_type": 31, "created_at": "2022-02-24T18:59:45.119Z", "updated_at": "2022-02-24T18:59:45.132Z", "childrens_home_district_by_state": 0, "childrens_home_district_by_state_by_ngo": 0, "placed_in_children_home_in_district": 0, "full_time_staff_in_child_home_in_district_sanctioned": 0, "full_time_staff_in_child_home_in_district_working_strength": 0, "full_time_staff_in_child_home_in_district_vacancies": 0, "part_time_staff_sanctioned": 0, "part_time_staff_working_strength": 0, "part_time_staff_vacancies": 0, "give_additional_charge": 0, "gov_org_rec_fit_facility": 0, "non_gov_org_rec_fit_facility": 0, "no_of_children_fit_facility": 0, "person_in_district_recog_as_fit_facility": 0, "children_placed_with_fit_person": 0, "open_shelter_in_district_by_state_govt_itself": 0, "open_shelter_in_district_by_state_govt_trough_ngo": 0, "open_shelter_in_district": 0, "children_in_open_shelter_in_district": 0}}, {"model": "reports.adoption", "pk": 1, "fields": {"user": 2, "report_type": 32, "created_at": "2022-02-24T19:05:41.995Z", "updated_at": "2022-02-24T19:05:41.999Z", "ssa_in_district": 0, "opening_balance_in_quarter": 0, "cases_filled_during_quarter": 0, "cases_disposed_during_quarter": 0, "cases_pending_end_of_quarter": 0, "pending_case_age_less_2_year_end_of_quarter": 0, "pending_case_more_2_month_age_less_2_year_end_of_quarter": 0, "pending_case_age_above_2_year_end_of_quarter": 0, "pending_case_more_4_month_age_more_2_year_end_of_quarter": 0, "child_info_uploaded_to_carigs": 0, "adoption_order_opening_balance_start_of_quarter": 0, "adoption_order_filed_during_quarter": 0, "adoption_order_disposed_during_quarter": 0, "adoption_order_pending_end_quarter": 0, "adoption_order_pending_more_2_month_end_quarter": 0}}, {"model": "reports.childprotection", "pk": 1, "fields": {"user": 2, "report_type": 33, "created_at": "2022-02-24T19:09:36.891Z", "updated_at": "2022-02-24T19:09:36.897Z", "full_time_sanctioned_strength_dcpu": 0, "full_time_working_strength_dcpu": 0, "full_time_vacancies_dcpu": 0, "part_time_sanctioned_strength_dcpu": 0, "part_time_working_strength_dcpu": 0, "part_time_vacancies_dcpu": 0, "additional_charge_of_child_home": 0, "sjpu_in_state": 0, "police_in_state_designated_sjpu": 0, "member_of_sjpu_provided_induction_trainng": 0}}, {"model": "reports.fostercare", "pk": 1, "fields": {"user": 2, "report_type": 34, "created_at": "2022-02-24T19:14:38.390Z", "updated_at": "2022-02-24T19:14:38.393Z", "lt_st_cumulative": 0, "lt_st_current_quarter": 0, "vacation_cumulative": 0, "vacation_current_quarter": 0, "group_cumulative": 0, "group_current_quarter": 0, "kinship_cumulative": 0, "kinship_current_quarter": 0}}, {"model": "reports.repatriation", "pk": 1, "fields": {"user": 2, "report_type": 35, "created_at": "2022-02-24T19:16:59.419Z", "updated_at": "2022-02-24T19:16:59.425Z", "with_in_district": 0, "to_other_state": 0}}, {"model": "reports.resourceperson", "pk": 1, "fields": {"user": 2, "report_type": 36, "created_at": "2022-02-24T19:22:34.428Z", "updated_at": "2022-02-24T19:22:34.431Z", "no_of_resource_person_interpretor": 0, "no_of_resource_person_special_educator": 0, "no_of_resource_person_support_person": 0, "no_of_resource_person_translator": 0, "no_of_resource_person_expert": 0, "no_of_sesson_offered_person_interpretor": 0, "no_of_sesson_offered_person_special_educator": 0, "no_of_sesson_offered_person_support_person": 0, "no_of_sesson_offered_person_translator": 0, "no_of_sesson_offered_person_expert": 0}}]